task id,Table PNG,Table Rendering,Dataset Number,Topic,Condition,Repetition,Task,1Header, 1Column,1Par 1,1Prompt ,1Answer,1Answer Column / Row,2Header,2Column,2Par 1,2Prompt , 2Answer, 2Answer Column / Row,3Header,3Column,3Par 1, 3Prompt ,3Expected Answer, 3Answer Column / Row, 4Header, 4Column,4Par 1,4Prompt,4Answer,4Answer Column / Row, 5Header, 5Column,5Par1,5Prompt,5Answer,5Answer Column / Row
1,DS1_anime_zebra1.png,17,1,anime,zebra,1,Filter,On-Hold,J,80,"In the 'On-Hold' column, count how many cells exceed the value of '80' ",7,J,Episodes,C,0.9584557641748676,Determine which of the last 5 columns is most positively correalated with the first column named 'Episodes' ,Completed,I,Completed,L,60 56 53,"In the 'Completed' column, give the row names of the animes with the highest 3 values in descending order ",Hungry Heart-Fighting Animal-Trinity Blood,13 18 27,Episodes,D,,"In the 'Episodes' column, calculate a rough estimate of the average value",28.89655172413793,D,Popularity,G,15,"In the 'Popularity' column, find the  with a value equal to '15' ",Attacking Titan,16
1,DS2_anime_zebra2.png,18,2,anime,zebra,2,Filter,Favorites,I,70,"In the 'Favorites' column, count how many cells exceed the value of '70' ",6,I,Plan to Watch,C,0.9790768125482828,Determine which of the last 5 columns is most positively correalated with the first column named 'Plan to Watch' ,Favorites,L,Favorites,I,88 86 83,"In the 'Favorites' column, give the row names of the animes with the highest 3 values in descending order ",Cursing Notebook-Fourth Stage-Hungry Heart,5 18 6,Members,F,,"In the 'Members' column, calculate a rough estimate of the average value",62.37931034482759,F,On-Hold,H,26,"In the 'On-Hold' column, find the  with a value equal to '26' ",Helping Alice,20
1,DS3_anime_zebra3.png,19,3,anime,zebra,3,Filter,On-Hold,G,88,"In the 'On-Hold' column, count how many cells exceed the value of '88' ",5,G,Completed,C,0.9922747576934068,Determine which of the last 5 columns is most positively correalated with the first column named 'Completed' ,Episodes,K,Episodes,J,75 73 71,"In the 'Episodes' column, give the row names of the animes with the highest 3 values in descending order ",Fighting Animal-Legendary Forks-First Stage,5 10 11,Completed,E,,"In the 'Completed' column, calculate a rough estimate of the average value",37.86206896551724,E,Watching,I,17,"In the 'Watching' column, find the  with a value equal to '17' ",Beating Music,16
1,DS4_anime_zebra4.png,20,4,anime,zebra,4,Filter,Score,K,43,"In the 'Score' column, count how many cells exceed the value of '43' ",8,K,Score,C,0.9994148327618344,Determine which of the last 5 columns is most positively correalated with the first column named 'Score' ,Dropped,J,Score,K,74 73 70,"In the 'Score' column, give the row names of the animes with the highest 3 values in descending order ",Helping Alice-Neon Genesis-Queen Kingdom,6 24 22,Members,G,,"In the 'Members' column, calculate a rough estimate of the average value",47.6551724137931,G,On-Hold,J,12,"In the 'On-Hold' column, find the  with a value equal to '12' ",Fafnar Weapon,18
1,DS5_cereal_color1.png,5,5,cereal,color,1,Filter,Sodium,I,57,"In the 'Sodium' column, count how many cells exceed the value of '57' ",8,I,Potassium,C,0.9994148327618346,Determine which of the last 5 columns is most positively correalated with the first column named 'Potassium' ,Sugars,K,Calories,H,88 86 83,"In the 'Calories' column, give the row names of the cereals with the highest 3 values in descending order ",Natural Bran-Almond Raisin-Fruity Pebbles,5 19 20,Vitamins,F,,"In the 'Vitamins' column, calculate a rough estimate of the average value",56.93103448275862,F,Iron,K,51,"In the 'Iron' column, find the  with a value equal to '51' ",Corn Favorite,17
1,DS6_cereal_color2.png,6,6,cereal,color,2,Filter,Carbo,H,70,"In the 'Carbo' column, count how many cells exceed the value of '70' ",5,H,Calories,C,0.9922747576934068,Determine which of the last 5 columns is most positively correalated with the first column named 'Calories' ,Protein,I,Potassium,I,71 70 68,"In the 'Potassium' column, give the row names of the cereals with the highest 3 values in descending order ",Colorful Bran-Apple Jacks-Wheat Cream,22 3 7,Score,E,,"In the 'Score' column, calculate a rough estimate of the average value",42.10344827586207,E,Carbo,H,32,"In the 'Carbo' column, find the  with a value equal to '32' ",Fruity Pebbles,19
1,DS7_cereal_color3.png,7,7,cereal,color,3,Filter,Protein,J,45,"In the 'Protein' column, count how many cells exceed the value of '45' ",6,J,Iron,C,0.9994148327618344,Determine which of the last 5 columns is most positively correalated with the first column named 'Iron' ,Carbo,J,Protein,J,60 56 53,"In the 'Protein' column, give the row names of the cereals with the highest 3 values in descending order ",Natural Bran-Golden Crisp-Wonderful Chex,7 23 18,Fat,D,,"In the 'Fat' column, calculate a rough estimate of the average value",35.62068965517241,D,Potassium,I,83,"In the 'Potassium' column, find the  with a value equal to '83' ",Corn Favorite,17
1,DS8_cereal_color4.png,8,8,cereal,color,4,Filter,Fat,K,60,"In the 'Fat' column, count how many cells exceed the value of '60' ",7,K,Vitamins,C,0.9994148327618344,Determine which of the last 5 columns is most positively correalated with the first column named 'Vitamins' ,Potassium,L,Fat,K,75 73 71,"In the 'Fat' column, give the row names of the cereals with the highest 3 values in descending order ",Grape Flakes-Count Chocula-Golden Crisp,16 10 19,Calories,E,,"In the 'Calories' column, calculate a rough estimate of the average value",52.310344827586206,E,Fat,K,26,"In the 'Fat' column, find the  with a value equal to '26' ",Wonderful Chex,20
1,DS9_candy_bar1.png,57,9,candy,bar,1,Filter,Rating,K,66,"In the 'Rating' column, count how many cells exceed the value of '66' ",5,K,Hard,C,0.9994148327618344,Determine which of the last 5 columns is most positively correalated with the first column named 'Hard' ,Chocolate,L,Caramel,H,98 84 80,"In the 'Caramel' column, give the row names of the candys with the highest 3 values in descending order ",Lemon Head-Junior Mints-Gob Stopper,30 9 11,Chocolate,G,,"In the 'Chocolate' column, calculate a rough estimate of the average value",37.86206896551724,G,Pluribus,J,32,"In the 'Pluribus' column, find the  with a value equal to '32' ",Pixie Sticks,19
1,DS10_candy_bar2.png,58,10,candy,bar,2,Filter,Caramel,J,38,"In the 'Caramel' column, count how many cells exceed the value of '38' ",8,J,SugarPercent,C,0.9994148327618344,Determine which of the last 5 columns is most positively correalated with the first column named 'SugarPercent' ,Rating,J,Price,K,75 73 71,"In the 'Price' column, give the row names of the candys with the highest 3 values in descending order ",Now Later-Milk Duds-Crunch Time,31 8 26,Nougat,D,,"In the 'Nougat' column, calculate a rough estimate of the average value",35.62068965517241,D,Price,K,68,"In the 'Price' column, find the  with a value equal to '68' ",Hersheys Kisses,17
1,DS11_candy_bar3.png,59,11,candy,bar,3,Filter,SugarPercent,G,50,"In the 'SugarPercent' column, count how many cells exceed the value of '50' ",7,G,Rating,C,0.9994148327618344,Determine which of the last 5 columns is most positively correalated with the first column named 'Rating' ,Chocolate,K,Rating,L,75 73 71,"In the 'Rating' column, give the row names of the candys with the highest 3 values in descending order ",Milk Duds-Air Heads-Caramel Apple,27 12 28,Fruity,F,,"In the 'Fruity' column, calculate a rough estimate of the average value",50.241379310344826,F,Rating,L,26,"In the 'Rating' column, find the  with a value equal to '26' ",Fruit Chews,11
1,DS12_candy_bar4.png,60,12,candy,bar,4,Filter,Bar,I,57,"In the 'Bar' column, count how many cells exceed the value of '57' ",6,I,Hard,C,0.992274757693407,Determine which of the last 5 columns is most positively correalated with the first column named 'Hard' ,Nougat,I,Almond,J,98 97 95,"In the 'Almond' column, give the row names of the candys with the highest 3 values in descending order ",Reese Pieces-Cheese Bears-Berry Chews,30 19 16,SugarPercent,G,,"In the 'SugarPercent' column, calculate a rough estimate of the average value",37.86206896551724,G,Rating,K,15,"In the 'Rating' column, find the  with a value equal to '15' ",Quarter World,15
1,DS13_movie_plain1.png,45,13,movie,plain,1,Filter,Hulu,H,70,"In the 'Hulu' column, count how many cells exceed the value of '70' ",5,H,Naver,C,0.9922747576934072,Determine which of the last 5 columns is most positively correalated with the first column named 'Naver' ,Roger Ebert,I,PluggedIn,I,71 70 68,"In the 'PluggedIn' column, give the row names of the movies with the highest 3 values in descending order ",About Elly-Black White-Divergent Series,21 16 17,Fandango,E,,"In the 'Fandango' column, calculate a rough estimate of the average value",52.310344827586206,E,RottenTomatoes,J,67,"In the 'RottenTomatoes' column, find the  with a value equal to '67' ",Welcome Home,20
1,DS14_movie_plain2.png,46,14,movie,plain,2,Filter,MrQE,I,76,"In the 'MrQE' column, count how many cells exceed the value of '76' ",8,I,MrQE,C,0.9994148327618346,Determine which of the last 5 columns is most positively correalated with the first column named 'MrQE' ,Netflix,L,Metacritic,K,75 73 71,"In the 'Metacritic' column, give the row names of the movies with the highest 3 values in descending order ",Irrational Man -Teenage Girl -Mapping Stars,5 21 20,Roger Ebert,G,,"In the 'Roger Ebert' column, calculate a rough estimate of the average value",37.86206896551724,G,MrQE,I,79,"In the 'MrQE' column, find the  with a value equal to '79' ",Tomorrow land,18
1,DS15_movie_plain3.png,47,15,movie,plain,3,Filter,Netflix,J,54,"In the 'Netflix' column, count how many cells exceed the value of '54' ",7,J,RottenTomatoes,C,0.9994148327618346,Determine which of the last 5 columns is most positively correalated with the first column named 'RottenTomatoes' ,Netflix,K,Fandango,H,98 84 80,"In the 'Fandango' column, give the row names of the movies with the highest 3 values in descending order ",Teenage Girl -Irrational Man -Next Door,10 9 20,RottenTomatoes,F,,"In the 'RottenTomatoes' column, calculate a rough estimate of the average value",50.241379310344826,F,Film Comment,L,73,"In the 'Film Comment' column, find the  with a value equal to '73' ",Adaline Age,19
1,DS16_movie_plain4.png,48,16,movie,plain,4,Filter,Hulu,G,57,"In the 'Hulu' column, count how many cells exceed the value of '57' ",6,G,IMDB,C,0.9922747576934068,Determine which of the last 5 columns is most positively correalated with the first column named 'IMDB' ,Fandango,J,Netflix,J,71 70 68,"In the 'Netflix' column, give the row names of the movies with the highest 3 values in descending order ",Welcome Home-About Elly-Irrational Man ,18 6 10,IMDB,E,,"In the 'IMDB' column, calculate a rough estimate of the average value",52.310344827586206,E,PluggedIn,K,31,"In the 'PluggedIn' column, find the  with a value equal to '31' ",Still Alice,17
2,DS1_anime_zebra1.png,17,1,anime,zebra,1,Correlation,On-Hold,J,80,"In the 'On-Hold' column, count how many cells exceed the value of '80' ",7,J,Episodes,C,0.9584557641748676,Determine which of the last 5 columns is most positively correalated with the first column named 'Episodes' ,Completed,I,Completed,L,60 56 53,"In the 'Completed' column, give the row names of the animes with the highest 3 values in descending order ",Hungry Heart-Fighting Animal-Trinity Blood,13 18 27,Episodes,D,,"In the 'Episodes' column, calculate a rough estimate of the average value",28.89655172413793,D,Popularity,G,15,"In the 'Popularity' column, find the  with a value equal to '15' ",Attacking Titan,16
2,DS2_anime_zebra2.png,18,2,anime,zebra,2,Correlation,Favorites,I,70,"In the 'Favorites' column, count how many cells exceed the value of '70' ",6,I,Plan to Watch,C,0.9790768125482828,Determine which of the last 5 columns is most positively correalated with the first column named 'Plan to Watch' ,Favorites,L,Favorites,I,88 86 83,"In the 'Favorites' column, give the row names of the animes with the highest 3 values in descending order ",Cursing Notebook-Fourth Stage-Hungry Heart,5 18 6,Members,F,,"In the 'Members' column, calculate a rough estimate of the average value",62.37931034482759,F,On-Hold,H,26,"In the 'On-Hold' column, find the  with a value equal to '26' ",Helping Alice,20
2,DS3_anime_zebra3.png,19,3,anime,zebra,3,Correlation,On-Hold,G,88,"In the 'On-Hold' column, count how many cells exceed the value of '88' ",5,G,Completed,C,0.9922747576934068,Determine which of the last 5 columns is most positively correalated with the first column named 'Completed' ,Episodes,K,Episodes,J,75 73 71,"In the 'Episodes' column, give the row names of the animes with the highest 3 values in descending order ",Fighting Animal-Legendary Forks-First Stage,5 10 11,Completed,E,,"In the 'Completed' column, calculate a rough estimate of the average value",37.86206896551724,E,Watching,I,17,"In the 'Watching' column, find the  with a value equal to '17' ",Beating Music,16
2,DS4_anime_zebra4.png,20,4,anime,zebra,4,Correlation,Score,K,43,"In the 'Score' column, count how many cells exceed the value of '43' ",8,K,Score,C,0.9994148327618344,Determine which of the last 5 columns is most positively correalated with the first column named 'Score' ,Dropped,J,Score,K,74 73 70,"In the 'Score' column, give the row names of the animes with the highest 3 values in descending order ",Helping Alice-Neon Genesis-Queen Kingdom,6 24 22,Members,G,,"In the 'Members' column, calculate a rough estimate of the average value",47.6551724137931,G,On-Hold,J,12,"In the 'On-Hold' column, find the  with a value equal to '12' ",Fafnar Weapon,18
2,DS5_cereal_color1.png,5,5,cereal,color,1,Correlation,Sodium,I,57,"In the 'Sodium' column, count how many cells exceed the value of '57' ",8,I,Potassium,C,0.9994148327618346,Determine which of the last 5 columns is most positively correalated with the first column named 'Potassium' ,Sugars,K,Calories,H,88 86 83,"In the 'Calories' column, give the row names of the cereals with the highest 3 values in descending order ",Natural Bran-Almond Raisin-Fruity Pebbles,5 19 20,Vitamins,F,,"In the 'Vitamins' column, calculate a rough estimate of the average value",56.93103448275862,F,Iron,K,51,"In the 'Iron' column, find the  with a value equal to '51' ",Corn Favorite,17
2,DS6_cereal_color2.png,6,6,cereal,color,2,Correlation,Carbo,H,70,"In the 'Carbo' column, count how many cells exceed the value of '70' ",5,H,Calories,C,0.9922747576934068,Determine which of the last 5 columns is most positively correalated with the first column named 'Calories' ,Protein,I,Potassium,I,71 70 68,"In the 'Potassium' column, give the row names of the cereals with the highest 3 values in descending order ",Colorful Bran-Apple Jacks-Wheat Cream,22 3 7,Score,E,,"In the 'Score' column, calculate a rough estimate of the average value",42.10344827586207,E,Carbo,H,32,"In the 'Carbo' column, find the  with a value equal to '32' ",Fruity Pebbles,19
2,DS7_cereal_color3.png,7,7,cereal,color,3,Correlation,Protein,J,45,"In the 'Protein' column, count how many cells exceed the value of '45' ",6,J,Iron,C,0.9994148327618344,Determine which of the last 5 columns is most positively correalated with the first column named 'Iron' ,Carbo,J,Protein,J,60 56 53,"In the 'Protein' column, give the row names of the cereals with the highest 3 values in descending order ",Natural Bran-Golden Crisp-Wonderful Chex,7 23 18,Fat,D,,"In the 'Fat' column, calculate a rough estimate of the average value",35.62068965517241,D,Potassium,I,83,"In the 'Potassium' column, find the  with a value equal to '83' ",Corn Favorite,17
2,DS8_cereal_color4.png,8,8,cereal,color,4,Correlation,Fat,K,60,"In the 'Fat' column, count how many cells exceed the value of '60' ",7,K,Vitamins,C,0.9994148327618344,Determine which of the last 5 columns is most positively correalated with the first column named 'Vitamins' ,Potassium,L,Fat,K,75 73 71,"In the 'Fat' column, give the row names of the cereals with the highest 3 values in descending order ",Grape Flakes-Count Chocula-Golden Crisp,16 10 19,Calories,E,,"In the 'Calories' column, calculate a rough estimate of the average value",52.310344827586206,E,Fat,K,26,"In the 'Fat' column, find the  with a value equal to '26' ",Wonderful Chex,20
2,DS9_candy_bar1.png,57,9,candy,bar,1,Correlation,Rating,K,66,"In the 'Rating' column, count how many cells exceed the value of '66' ",5,K,Hard,C,0.9994148327618344,Determine which of the last 5 columns is most positively correalated with the first column named 'Hard' ,Chocolate,L,Caramel,H,98 84 80,"In the 'Caramel' column, give the row names of the candys with the highest 3 values in descending order ",Lemon Head-Junior Mints-Gob Stopper,30 9 11,Chocolate,G,,"In the 'Chocolate' column, calculate a rough estimate of the average value",37.86206896551724,G,Pluribus,J,32,"In the 'Pluribus' column, find the  with a value equal to '32' ",Pixie Sticks,19
2,DS10_candy_bar2.png,58,10,candy,bar,2,Correlation,Caramel,J,38,"In the 'Caramel' column, count how many cells exceed the value of '38' ",8,J,SugarPercent,C,0.9994148327618344,Determine which of the last 5 columns is most positively correalated with the first column named 'SugarPercent' ,Rating,J,Price,K,75 73 71,"In the 'Price' column, give the row names of the candys with the highest 3 values in descending order ",Now Later-Milk Duds-Crunch Time,31 8 26,Nougat,D,,"In the 'Nougat' column, calculate a rough estimate of the average value",35.62068965517241,D,Price,K,68,"In the 'Price' column, find the  with a value equal to '68' ",Hersheys Kisses,17
2,DS11_candy_bar3.png,59,11,candy,bar,3,Correlation,SugarPercent,G,50,"In the 'SugarPercent' column, count how many cells exceed the value of '50' ",7,G,Rating,C,0.9994148327618344,Determine which of the last 5 columns is most positively correalated with the first column named 'Rating' ,Chocolate,K,Rating,L,75 73 71,"In the 'Rating' column, give the row names of the candys with the highest 3 values in descending order ",Milk Duds-Air Heads-Caramel Apple,27 12 28,Fruity,F,,"In the 'Fruity' column, calculate a rough estimate of the average value",50.241379310344826,F,Rating,L,26,"In the 'Rating' column, find the  with a value equal to '26' ",Fruit Chews,11
2,DS12_candy_bar4.png,60,12,candy,bar,4,Correlation,Bar,I,57,"In the 'Bar' column, count how many cells exceed the value of '57' ",6,I,Hard,C,0.992274757693407,Determine which of the last 5 columns is most positively correalated with the first column named 'Hard' ,Nougat,I,Almond,J,98 97 95,"In the 'Almond' column, give the row names of the candys with the highest 3 values in descending order ",Reese Pieces-Cheese Bears-Berry Chews,30 19 16,SugarPercent,G,,"In the 'SugarPercent' column, calculate a rough estimate of the average value",37.86206896551724,G,Rating,K,15,"In the 'Rating' column, find the  with a value equal to '15' ",Quarter World,15
2,DS13_movie_plain1.png,45,13,movie,plain,1,Correlation,Hulu,H,70,"In the 'Hulu' column, count how many cells exceed the value of '70' ",5,H,Naver,C,0.9922747576934072,Determine which of the last 5 columns is most positively correalated with the first column named 'Naver' ,Roger Ebert,I,PluggedIn,I,71 70 68,"In the 'PluggedIn' column, give the row names of the movies with the highest 3 values in descending order ",About Elly-Black White-Divergent Series,21 16 17,Fandango,E,,"In the 'Fandango' column, calculate a rough estimate of the average value",52.310344827586206,E,RottenTomatoes,J,67,"In the 'RottenTomatoes' column, find the  with a value equal to '67' ",Welcome Home,20
2,DS14_movie_plain2.png,46,14,movie,plain,2,Correlation,MrQE,I,76,"In the 'MrQE' column, count how many cells exceed the value of '76' ",8,I,MrQE,C,0.9994148327618346,Determine which of the last 5 columns is most positively correalated with the first column named 'MrQE' ,Netflix,L,Metacritic,K,75 73 71,"In the 'Metacritic' column, give the row names of the movies with the highest 3 values in descending order ",Irrational Man -Teenage Girl -Mapping Stars,5 21 20,Roger Ebert,G,,"In the 'Roger Ebert' column, calculate a rough estimate of the average value",37.86206896551724,G,MrQE,I,79,"In the 'MrQE' column, find the  with a value equal to '79' ",Tomorrow land,18
2,DS15_movie_plain3.png,47,15,movie,plain,3,Correlation,Netflix,J,54,"In the 'Netflix' column, count how many cells exceed the value of '54' ",7,J,RottenTomatoes,C,0.9994148327618346,Determine which of the last 5 columns is most positively correalated with the first column named 'RottenTomatoes' ,Netflix,K,Fandango,H,98 84 80,"In the 'Fandango' column, give the row names of the movies with the highest 3 values in descending order ",Teenage Girl -Irrational Man -Next Door,10 9 20,RottenTomatoes,F,,"In the 'RottenTomatoes' column, calculate a rough estimate of the average value",50.241379310344826,F,Film Comment,L,73,"In the 'Film Comment' column, find the  with a value equal to '73' ",Adaline Age,19
2,DS16_movie_plain4.png,48,16,movie,plain,4,Correlation,Hulu,G,57,"In the 'Hulu' column, count how many cells exceed the value of '57' ",6,G,IMDB,C,0.9922747576934068,Determine which of the last 5 columns is most positively correalated with the first column named 'IMDB' ,Fandango,J,Netflix,J,71 70 68,"In the 'Netflix' column, give the row names of the movies with the highest 3 values in descending order ",Welcome Home-About Elly-Irrational Man ,18 6 10,IMDB,E,,"In the 'IMDB' column, calculate a rough estimate of the average value",52.310344827586206,E,PluggedIn,K,31,"In the 'PluggedIn' column, find the  with a value equal to '31' ",Still Alice,17
3,DS1_anime_zebra1.png,17,1,anime,zebra,1,Sort,On-Hold,J,80,"In the 'On-Hold' column, count how many cells exceed the value of '80' ",7,J,Episodes,C,0.9584557641748676,Determine which of the last 5 columns is most positively correalated with the first column named 'Episodes' ,Completed,I,Completed,L,60 56 53,"In the 'Completed' column, give the row names of the animes with the highest 3 values in descending order ",Hungry Heart-Fighting Animal-Trinity Blood,13 18 27,Episodes,D,,"In the 'Episodes' column, calculate a rough estimate of the average value",28.89655172413793,D,Popularity,G,15,"In the 'Popularity' column, find the  with a value equal to '15' ",Attacking Titan,16
3,DS2_anime_zebra2.png,18,2,anime,zebra,2,Sort,Favorites,I,70,"In the 'Favorites' column, count how many cells exceed the value of '70' ",6,I,Plan to Watch,C,0.9790768125482828,Determine which of the last 5 columns is most positively correalated with the first column named 'Plan to Watch' ,Favorites,L,Favorites,I,88 86 83,"In the 'Favorites' column, give the row names of the animes with the highest 3 values in descending order ",Cursing Notebook-Fourth Stage-Hungry Heart,5 18 6,Members,F,,"In the 'Members' column, calculate a rough estimate of the average value",62.37931034482759,F,On-Hold,H,26,"In the 'On-Hold' column, find the  with a value equal to '26' ",Helping Alice,20
3,DS3_anime_zebra3.png,19,3,anime,zebra,3,Sort,On-Hold,G,88,"In the 'On-Hold' column, count how many cells exceed the value of '88' ",5,G,Completed,C,0.9922747576934068,Determine which of the last 5 columns is most positively correalated with the first column named 'Completed' ,Episodes,K,Episodes,J,75 73 71,"In the 'Episodes' column, give the row names of the animes with the highest 3 values in descending order ",Fighting Animal-Legendary Forks-First Stage,5 10 11,Completed,E,,"In the 'Completed' column, calculate a rough estimate of the average value",37.86206896551724,E,Watching,I,17,"In the 'Watching' column, find the  with a value equal to '17' ",Beating Music,16
3,DS4_anime_zebra4.png,20,4,anime,zebra,4,Sort,Score,K,43,"In the 'Score' column, count how many cells exceed the value of '43' ",8,K,Score,C,0.9994148327618344,Determine which of the last 5 columns is most positively correalated with the first column named 'Score' ,Dropped,J,Score,K,74 73 70,"In the 'Score' column, give the row names of the animes with the highest 3 values in descending order ",Helping Alice-Neon Genesis-Queen Kingdom,6 24 22,Members,G,,"In the 'Members' column, calculate a rough estimate of the average value",47.6551724137931,G,On-Hold,J,12,"In the 'On-Hold' column, find the  with a value equal to '12' ",Fafnar Weapon,18
3,DS5_cereal_color1.png,5,5,cereal,color,1,Sort,Sodium,I,57,"In the 'Sodium' column, count how many cells exceed the value of '57' ",8,I,Potassium,C,0.9994148327618346,Determine which of the last 5 columns is most positively correalated with the first column named 'Potassium' ,Sugars,K,Calories,H,88 86 83,"In the 'Calories' column, give the row names of the cereals with the highest 3 values in descending order ",Natural Bran-Almond Raisin-Fruity Pebbles,5 19 20,Vitamins,F,,"In the 'Vitamins' column, calculate a rough estimate of the average value",56.93103448275862,F,Iron,K,51,"In the 'Iron' column, find the  with a value equal to '51' ",Corn Favorite,17
3,DS6_cereal_color2.png,6,6,cereal,color,2,Sort,Carbo,H,70,"In the 'Carbo' column, count how many cells exceed the value of '70' ",5,H,Calories,C,0.9922747576934068,Determine which of the last 5 columns is most positively correalated with the first column named 'Calories' ,Protein,I,Potassium,I,71 70 68,"In the 'Potassium' column, give the row names of the cereals with the highest 3 values in descending order ",Colorful Bran-Apple Jacks-Wheat Cream,22 3 7,Score,E,,"In the 'Score' column, calculate a rough estimate of the average value",42.10344827586207,E,Carbo,H,32,"In the 'Carbo' column, find the  with a value equal to '32' ",Fruity Pebbles,19
3,DS7_cereal_color3.png,7,7,cereal,color,3,Sort,Protein,J,45,"In the 'Protein' column, count how many cells exceed the value of '45' ",6,J,Iron,C,0.9994148327618344,Determine which of the last 5 columns is most positively correalated with the first column named 'Iron' ,Carbo,J,Protein,J,60 56 53,"In the 'Protein' column, give the row names of the cereals with the highest 3 values in descending order ",Natural Bran-Golden Crisp-Wonderful Chex,7 23 18,Fat,D,,"In the 'Fat' column, calculate a rough estimate of the average value",35.62068965517241,D,Potassium,I,83,"In the 'Potassium' column, find the  with a value equal to '83' ",Corn Favorite,17
3,DS8_cereal_color4.png,8,8,cereal,color,4,Sort,Fat,K,60,"In the 'Fat' column, count how many cells exceed the value of '60' ",7,K,Vitamins,C,0.9994148327618344,Determine which of the last 5 columns is most positively correalated with the first column named 'Vitamins' ,Potassium,L,Fat,K,75 73 71,"In the 'Fat' column, give the row names of the cereals with the highest 3 values in descending order ",Grape Flakes-Count Chocula-Golden Crisp,16 10 19,Calories,E,,"In the 'Calories' column, calculate a rough estimate of the average value",52.310344827586206,E,Fat,K,26,"In the 'Fat' column, find the  with a value equal to '26' ",Wonderful Chex,20
3,DS9_candy_bar1.png,57,9,candy,bar,1,Sort,Rating,K,66,"In the 'Rating' column, count how many cells exceed the value of '66' ",5,K,Hard,C,0.9994148327618344,Determine which of the last 5 columns is most positively correalated with the first column named 'Hard' ,Chocolate,L,Caramel,H,98 84 80,"In the 'Caramel' column, give the row names of the candys with the highest 3 values in descending order ",Lemon Head-Junior Mints-Gob Stopper,30 9 11,Chocolate,G,,"In the 'Chocolate' column, calculate a rough estimate of the average value",37.86206896551724,G,Pluribus,J,32,"In the 'Pluribus' column, find the  with a value equal to '32' ",Pixie Sticks,19
3,DS10_candy_bar2.png,58,10,candy,bar,2,Sort,Caramel,J,38,"In the 'Caramel' column, count how many cells exceed the value of '38' ",8,J,SugarPercent,C,0.9994148327618344,Determine which of the last 5 columns is most positively correalated with the first column named 'SugarPercent' ,Rating,J,Price,K,75 73 71,"In the 'Price' column, give the row names of the candys with the highest 3 values in descending order ",Now Later-Milk Duds-Crunch Time,31 8 26,Nougat,D,,"In the 'Nougat' column, calculate a rough estimate of the average value",35.62068965517241,D,Price,K,68,"In the 'Price' column, find the  with a value equal to '68' ",Hersheys Kisses,17
3,DS11_candy_bar3.png,59,11,candy,bar,3,Sort,SugarPercent,G,50,"In the 'SugarPercent' column, count how many cells exceed the value of '50' ",7,G,Rating,C,0.9994148327618344,Determine which of the last 5 columns is most positively correalated with the first column named 'Rating' ,Chocolate,K,Rating,L,75 73 71,"In the 'Rating' column, give the row names of the candys with the highest 3 values in descending order ",Milk Duds-Air Heads-Caramel Apple,27 12 28,Fruity,F,,"In the 'Fruity' column, calculate a rough estimate of the average value",50.241379310344826,F,Rating,L,26,"In the 'Rating' column, find the  with a value equal to '26' ",Fruit Chews,11
3,DS12_candy_bar4.png,60,12,candy,bar,4,Sort,Bar,I,57,"In the 'Bar' column, count how many cells exceed the value of '57' ",6,I,Hard,C,0.992274757693407,Determine which of the last 5 columns is most positively correalated with the first column named 'Hard' ,Nougat,I,Almond,J,98 97 95,"In the 'Almond' column, give the row names of the candys with the highest 3 values in descending order ",Reese Pieces-Cheese Bears-Berry Chews,30 19 16,SugarPercent,G,,"In the 'SugarPercent' column, calculate a rough estimate of the average value",37.86206896551724,G,Rating,K,15,"In the 'Rating' column, find the  with a value equal to '15' ",Quarter World,15
3,DS13_movie_plain1.png,45,13,movie,plain,1,Sort,Hulu,H,70,"In the 'Hulu' column, count how many cells exceed the value of '70' ",5,H,Naver,C,0.9922747576934072,Determine which of the last 5 columns is most positively correalated with the first column named 'Naver' ,Roger Ebert,I,PluggedIn,I,71 70 68,"In the 'PluggedIn' column, give the row names of the movies with the highest 3 values in descending order ",About Elly-Black White-Divergent Series,21 16 17,Fandango,E,,"In the 'Fandango' column, calculate a rough estimate of the average value",52.310344827586206,E,RottenTomatoes,J,67,"In the 'RottenTomatoes' column, find the  with a value equal to '67' ",Welcome Home,20
3,DS14_movie_plain2.png,46,14,movie,plain,2,Sort,MrQE,I,76,"In the 'MrQE' column, count how many cells exceed the value of '76' ",8,I,MrQE,C,0.9994148327618346,Determine which of the last 5 columns is most positively correalated with the first column named 'MrQE' ,Netflix,L,Metacritic,K,75 73 71,"In the 'Metacritic' column, give the row names of the movies with the highest 3 values in descending order ",Irrational Man -Teenage Girl -Mapping Stars,5 21 20,Roger Ebert,G,,"In the 'Roger Ebert' column, calculate a rough estimate of the average value",37.86206896551724,G,MrQE,I,79,"In the 'MrQE' column, find the  with a value equal to '79' ",Tomorrow land,18
3,DS15_movie_plain3.png,47,15,movie,plain,3,Sort,Netflix,J,54,"In the 'Netflix' column, count how many cells exceed the value of '54' ",7,J,RottenTomatoes,C,0.9994148327618346,Determine which of the last 5 columns is most positively correalated with the first column named 'RottenTomatoes' ,Netflix,K,Fandango,H,98 84 80,"In the 'Fandango' column, give the row names of the movies with the highest 3 values in descending order ",Teenage Girl -Irrational Man -Next Door,10 9 20,RottenTomatoes,F,,"In the 'RottenTomatoes' column, calculate a rough estimate of the average value",50.241379310344826,F,Film Comment,L,73,"In the 'Film Comment' column, find the  with a value equal to '73' ",Adaline Age,19
3,DS16_movie_plain4.png,48,16,movie,plain,4,Sort,Hulu,G,57,"In the 'Hulu' column, count how many cells exceed the value of '57' ",6,G,IMDB,C,0.9922747576934068,Determine which of the last 5 columns is most positively correalated with the first column named 'IMDB' ,Fandango,J,Netflix,J,71 70 68,"In the 'Netflix' column, give the row names of the movies with the highest 3 values in descending order ",Welcome Home-About Elly-Irrational Man ,18 6 10,IMDB,E,,"In the 'IMDB' column, calculate a rough estimate of the average value",52.310344827586206,E,PluggedIn,K,31,"In the 'PluggedIn' column, find the  with a value equal to '31' ",Still Alice,17
4,DS1_anime_zebra1.png,17,1,anime,zebra,1,Estimate Average,On-Hold,J,80,"In the 'On-Hold' column, count how many cells exceed the value of '80' ",7,J,Episodes,C,0.9584557641748676,Determine which of the last 5 columns is most positively correalated with the first column named 'Episodes' ,Completed,I,Completed,L,60 56 53,"In the 'Completed' column, give the row names of the animes with the highest 3 values in descending order ",Hungry Heart-Fighting Animal-Trinity Blood,13 18 27,Episodes,D,,"In the 'Episodes' column, calculate a rough estimate of the average value",28.89655172413793,D,Popularity,G,15,"In the 'Popularity' column, find the  with a value equal to '15' ",Attacking Titan,16
4,DS2_anime_zebra2.png,18,2,anime,zebra,2,Estimate Average,Favorites,I,70,"In the 'Favorites' column, count how many cells exceed the value of '70' ",6,I,Plan to Watch,C,0.9790768125482828,Determine which of the last 5 columns is most positively correalated with the first column named 'Plan to Watch' ,Favorites,L,Favorites,I,88 86 83,"In the 'Favorites' column, give the row names of the animes with the highest 3 values in descending order ",Cursing Notebook-Fourth Stage-Hungry Heart,5 18 6,Members,F,,"In the 'Members' column, calculate a rough estimate of the average value",62.37931034482759,F,On-Hold,H,26,"In the 'On-Hold' column, find the  with a value equal to '26' ",Helping Alice,20
4,DS3_anime_zebra3.png,19,3,anime,zebra,3,Estimate Average,On-Hold,G,88,"In the 'On-Hold' column, count how many cells exceed the value of '88' ",5,G,Completed,C,0.9922747576934068,Determine which of the last 5 columns is most positively correalated with the first column named 'Completed' ,Episodes,K,Episodes,J,75 73 71,"In the 'Episodes' column, give the row names of the animes with the highest 3 values in descending order ",Fighting Animal-Legendary Forks-First Stage,5 10 11,Completed,E,,"In the 'Completed' column, calculate a rough estimate of the average value",37.86206896551724,E,Watching,I,17,"In the 'Watching' column, find the  with a value equal to '17' ",Beating Music,16
4,DS4_anime_zebra4.png,20,4,anime,zebra,4,Estimate Average,Score,K,43,"In the 'Score' column, count how many cells exceed the value of '43' ",8,K,Score,C,0.9994148327618344,Determine which of the last 5 columns is most positively correalated with the first column named 'Score' ,Dropped,J,Score,K,74 73 70,"In the 'Score' column, give the row names of the animes with the highest 3 values in descending order ",Helping Alice-Neon Genesis-Queen Kingdom,6 24 22,Members,G,,"In the 'Members' column, calculate a rough estimate of the average value",47.6551724137931,G,On-Hold,J,12,"In the 'On-Hold' column, find the  with a value equal to '12' ",Fafnar Weapon,18
4,DS5_cereal_color1.png,5,5,cereal,color,1,Estimate Average,Sodium,I,57,"In the 'Sodium' column, count how many cells exceed the value of '57' ",8,I,Potassium,C,0.9994148327618346,Determine which of the last 5 columns is most positively correalated with the first column named 'Potassium' ,Sugars,K,Calories,H,88 86 83,"In the 'Calories' column, give the row names of the cereals with the highest 3 values in descending order ",Natural Bran-Almond Raisin-Fruity Pebbles,5 19 20,Vitamins,F,,"In the 'Vitamins' column, calculate a rough estimate of the average value",56.93103448275862,F,Iron,K,51,"In the 'Iron' column, find the  with a value equal to '51' ",Corn Favorite,17
4,DS6_cereal_color2.png,6,6,cereal,color,2,Estimate Average,Carbo,H,70,"In the 'Carbo' column, count how many cells exceed the value of '70' ",5,H,Calories,C,0.9922747576934068,Determine which of the last 5 columns is most positively correalated with the first column named 'Calories' ,Protein,I,Potassium,I,71 70 68,"In the 'Potassium' column, give the row names of the cereals with the highest 3 values in descending order ",Colorful Bran-Apple Jacks-Wheat Cream,22 3 7,Score,E,,"In the 'Score' column, calculate a rough estimate of the average value",42.10344827586207,E,Carbo,H,32,"In the 'Carbo' column, find the  with a value equal to '32' ",Fruity Pebbles,19
4,DS7_cereal_color3.png,7,7,cereal,color,3,Estimate Average,Protein,J,45,"In the 'Protein' column, count how many cells exceed the value of '45' ",6,J,Iron,C,0.9994148327618344,Determine which of the last 5 columns is most positively correalated with the first column named 'Iron' ,Carbo,J,Protein,J,60 56 53,"In the 'Protein' column, give the row names of the cereals with the highest 3 values in descending order ",Natural Bran-Golden Crisp-Wonderful Chex,7 23 18,Fat,D,,"In the 'Fat' column, calculate a rough estimate of the average value",35.62068965517241,D,Potassium,I,83,"In the 'Potassium' column, find the  with a value equal to '83' ",Corn Favorite,17
4,DS8_cereal_color4.png,8,8,cereal,color,4,Estimate Average,Fat,K,60,"In the 'Fat' column, count how many cells exceed the value of '60' ",7,K,Vitamins,C,0.9994148327618344,Determine which of the last 5 columns is most positively correalated with the first column named 'Vitamins' ,Potassium,L,Fat,K,75 73 71,"In the 'Fat' column, give the row names of the cereals with the highest 3 values in descending order ",Grape Flakes-Count Chocula-Golden Crisp,16 10 19,Calories,E,,"In the 'Calories' column, calculate a rough estimate of the average value",52.310344827586206,E,Fat,K,26,"In the 'Fat' column, find the  with a value equal to '26' ",Wonderful Chex,20
4,DS9_candy_bar1.png,57,9,candy,bar,1,Estimate Average,Rating,K,66,"In the 'Rating' column, count how many cells exceed the value of '66' ",5,K,Hard,C,0.9994148327618344,Determine which of the last 5 columns is most positively correalated with the first column named 'Hard' ,Chocolate,L,Caramel,H,98 84 80,"In the 'Caramel' column, give the row names of the candys with the highest 3 values in descending order ",Lemon Head-Junior Mints-Gob Stopper,30 9 11,Chocolate,G,,"In the 'Chocolate' column, calculate a rough estimate of the average value",37.86206896551724,G,Pluribus,J,32,"In the 'Pluribus' column, find the  with a value equal to '32' ",Pixie Sticks,19
4,DS10_candy_bar2.png,58,10,candy,bar,2,Estimate Average,Caramel,J,38,"In the 'Caramel' column, count how many cells exceed the value of '38' ",8,J,SugarPercent,C,0.9994148327618344,Determine which of the last 5 columns is most positively correalated with the first column named 'SugarPercent' ,Rating,J,Price,K,75 73 71,"In the 'Price' column, give the row names of the candys with the highest 3 values in descending order ",Now Later-Milk Duds-Crunch Time,31 8 26,Nougat,D,,"In the 'Nougat' column, calculate a rough estimate of the average value",35.62068965517241,D,Price,K,68,"In the 'Price' column, find the  with a value equal to '68' ",Hersheys Kisses,17
4,DS11_candy_bar3.png,59,11,candy,bar,3,Estimate Average,SugarPercent,G,50,"In the 'SugarPercent' column, count how many cells exceed the value of '50' ",7,G,Rating,C,0.9994148327618344,Determine which of the last 5 columns is most positively correalated with the first column named 'Rating' ,Chocolate,K,Rating,L,75 73 71,"In the 'Rating' column, give the row names of the candys with the highest 3 values in descending order ",Milk Duds-Air Heads-Caramel Apple,27 12 28,Fruity,F,,"In the 'Fruity' column, calculate a rough estimate of the average value",50.241379310344826,F,Rating,L,26,"In the 'Rating' column, find the  with a value equal to '26' ",Fruit Chews,11
4,DS12_candy_bar4.png,60,12,candy,bar,4,Estimate Average,Bar,I,57,"In the 'Bar' column, count how many cells exceed the value of '57' ",6,I,Hard,C,0.992274757693407,Determine which of the last 5 columns is most positively correalated with the first column named 'Hard' ,Nougat,I,Almond,J,98 97 95,"In the 'Almond' column, give the row names of the candys with the highest 3 values in descending order ",Reese Pieces-Cheese Bears-Berry Chews,30 19 16,SugarPercent,G,,"In the 'SugarPercent' column, calculate a rough estimate of the average value",37.86206896551724,G,Rating,K,15,"In the 'Rating' column, find the  with a value equal to '15' ",Quarter World,15
4,DS13_movie_plain1.png,45,13,movie,plain,1,Estimate Average,Hulu,H,70,"In the 'Hulu' column, count how many cells exceed the value of '70' ",5,H,Naver,C,0.9922747576934072,Determine which of the last 5 columns is most positively correalated with the first column named 'Naver' ,Roger Ebert,I,PluggedIn,I,71 70 68,"In the 'PluggedIn' column, give the row names of the movies with the highest 3 values in descending order ",About Elly-Black White-Divergent Series,21 16 17,Fandango,E,,"In the 'Fandango' column, calculate a rough estimate of the average value",52.310344827586206,E,RottenTomatoes,J,67,"In the 'RottenTomatoes' column, find the  with a value equal to '67' ",Welcome Home,20
4,DS14_movie_plain2.png,46,14,movie,plain,2,Estimate Average,MrQE,I,76,"In the 'MrQE' column, count how many cells exceed the value of '76' ",8,I,MrQE,C,0.9994148327618346,Determine which of the last 5 columns is most positively correalated with the first column named 'MrQE' ,Netflix,L,Metacritic,K,75 73 71,"In the 'Metacritic' column, give the row names of the movies with the highest 3 values in descending order ",Irrational Man -Teenage Girl -Mapping Stars,5 21 20,Roger Ebert,G,,"In the 'Roger Ebert' column, calculate a rough estimate of the average value",37.86206896551724,G,MrQE,I,79,"In the 'MrQE' column, find the  with a value equal to '79' ",Tomorrow land,18
4,DS15_movie_plain3.png,47,15,movie,plain,3,Estimate Average,Netflix,J,54,"In the 'Netflix' column, count how many cells exceed the value of '54' ",7,J,RottenTomatoes,C,0.9994148327618346,Determine which of the last 5 columns is most positively correalated with the first column named 'RottenTomatoes' ,Netflix,K,Fandango,H,98 84 80,"In the 'Fandango' column, give the row names of the movies with the highest 3 values in descending order ",Teenage Girl -Irrational Man -Next Door,10 9 20,RottenTomatoes,F,,"In the 'RottenTomatoes' column, calculate a rough estimate of the average value",50.241379310344826,F,Film Comment,L,73,"In the 'Film Comment' column, find the  with a value equal to '73' ",Adaline Age,19
4,DS16_movie_plain4.png,48,16,movie,plain,4,Estimate Average,Hulu,G,57,"In the 'Hulu' column, count how many cells exceed the value of '57' ",6,G,IMDB,C,0.9922747576934068,Determine which of the last 5 columns is most positively correalated with the first column named 'IMDB' ,Fandango,J,Netflix,J,71 70 68,"In the 'Netflix' column, give the row names of the movies with the highest 3 values in descending order ",Welcome Home-About Elly-Irrational Man ,18 6 10,IMDB,E,,"In the 'IMDB' column, calculate a rough estimate of the average value",52.310344827586206,E,PluggedIn,K,31,"In the 'PluggedIn' column, find the  with a value equal to '31' ",Still Alice,17
5,DS1_anime_zebra1.png,17,1,anime,zebra,1,Retrieve Value,On-Hold,J,80,"In the 'On-Hold' column, count how many cells exceed the value of '80' ",7,J,Episodes,C,0.9584557641748676,Determine which of the last 5 columns is most positively correalated with the first column named 'Episodes' ,Completed,I,Completed,L,60 56 53,"In the 'Completed' column, give the row names of the animes with the highest 3 values in descending order ",Hungry Heart-Fighting Animal-Trinity Blood,13 18 27,Episodes,D,,"In the 'Episodes' column, calculate a rough estimate of the average value",28.89655172413793,D,Popularity,G,15,"In the 'Popularity' column, find the  with a value equal to '15' ",Attacking Titan,16
5,DS2_anime_zebra2.png,18,2,anime,zebra,2,Retrieve Value,Favorites,I,70,"In the 'Favorites' column, count how many cells exceed the value of '70' ",6,I,Plan to Watch,C,0.9790768125482828,Determine which of the last 5 columns is most positively correalated with the first column named 'Plan to Watch' ,Favorites,L,Favorites,I,88 86 83,"In the 'Favorites' column, give the row names of the animes with the highest 3 values in descending order ",Cursing Notebook-Fourth Stage-Hungry Heart,5 18 6,Members,F,,"In the 'Members' column, calculate a rough estimate of the average value",62.37931034482759,F,On-Hold,H,26,"In the 'On-Hold' column, find the  with a value equal to '26' ",Helping Alice,20
5,DS3_anime_zebra3.png,19,3,anime,zebra,3,Retrieve Value,On-Hold,G,88,"In the 'On-Hold' column, count how many cells exceed the value of '88' ",5,G,Completed,C,0.9922747576934068,Determine which of the last 5 columns is most positively correalated with the first column named 'Completed' ,Episodes,K,Episodes,J,75 73 71,"In the 'Episodes' column, give the row names of the animes with the highest 3 values in descending order ",Fighting Animal-Legendary Forks-First Stage,5 10 11,Completed,E,,"In the 'Completed' column, calculate a rough estimate of the average value",37.86206896551724,E,Watching,I,17,"In the 'Watching' column, find the  with a value equal to '17' ",Beating Music,16
5,DS4_anime_zebra4.png,20,4,anime,zebra,4,Retrieve Value,Score,K,43,"In the 'Score' column, count how many cells exceed the value of '43' ",8,K,Score,C,0.9994148327618344,Determine which of the last 5 columns is most positively correalated with the first column named 'Score' ,Dropped,J,Score,K,74 73 70,"In the 'Score' column, give the row names of the animes with the highest 3 values in descending order ",Helping Alice-Neon Genesis-Queen Kingdom,6 24 22,Members,G,,"In the 'Members' column, calculate a rough estimate of the average value",47.6551724137931,G,On-Hold,J,12,"In the 'On-Hold' column, find the  with a value equal to '12' ",Fafnar Weapon,18
5,DS5_cereal_color1.png,5,5,cereal,color,1,Retrieve Value,Sodium,I,57,"In the 'Sodium' column, count how many cells exceed the value of '57' ",8,I,Potassium,C,0.9994148327618346,Determine which of the last 5 columns is most positively correalated with the first column named 'Potassium' ,Sugars,K,Calories,H,88 86 83,"In the 'Calories' column, give the row names of the cereals with the highest 3 values in descending order ",Natural Bran-Almond Raisin-Fruity Pebbles,5 19 20,Vitamins,F,,"In the 'Vitamins' column, calculate a rough estimate of the average value",56.93103448275862,F,Iron,K,51,"In the 'Iron' column, find the  with a value equal to '51' ",Corn Favorite,17
5,DS6_cereal_color2.png,6,6,cereal,color,2,Retrieve Value,Carbo,H,70,"In the 'Carbo' column, count how many cells exceed the value of '70' ",5,H,Calories,C,0.9922747576934068,Determine which of the last 5 columns is most positively correalated with the first column named 'Calories' ,Protein,I,Potassium,I,71 70 68,"In the 'Potassium' column, give the row names of the cereals with the highest 3 values in descending order ",Colorful Bran-Apple Jacks-Wheat Cream,22 3 7,Score,E,,"In the 'Score' column, calculate a rough estimate of the average value",42.10344827586207,E,Carbo,H,32,"In the 'Carbo' column, find the  with a value equal to '32' ",Fruity Pebbles,19
5,DS7_cereal_color3.png,7,7,cereal,color,3,Retrieve Value,Protein,J,45,"In the 'Protein' column, count how many cells exceed the value of '45' ",6,J,Iron,C,0.9994148327618344,Determine which of the last 5 columns is most positively correalated with the first column named 'Iron' ,Carbo,J,Protein,J,60 56 53,"In the 'Protein' column, give the row names of the cereals with the highest 3 values in descending order ",Natural Bran-Golden Crisp-Wonderful Chex,7 23 18,Fat,D,,"In the 'Fat' column, calculate a rough estimate of the average value",35.62068965517241,D,Potassium,I,83,"In the 'Potassium' column, find the  with a value equal to '83' ",Corn Favorite,17
5,DS8_cereal_color4.png,8,8,cereal,color,4,Retrieve Value,Fat,K,60,"In the 'Fat' column, count how many cells exceed the value of '60' ",7,K,Vitamins,C,0.9994148327618344,Determine which of the last 5 columns is most positively correalated with the first column named 'Vitamins' ,Potassium,L,Fat,K,75 73 71,"In the 'Fat' column, give the row names of the cereals with the highest 3 values in descending order ",Grape Flakes-Count Chocula-Golden Crisp,16 10 19,Calories,E,,"In the 'Calories' column, calculate a rough estimate of the average value",52.310344827586206,E,Fat,K,26,"In the 'Fat' column, find the  with a value equal to '26' ",Wonderful Chex,20
5,DS9_candy_bar1.png,57,9,candy,bar,1,Retrieve Value,Rating,K,66,"In the 'Rating' column, count how many cells exceed the value of '66' ",5,K,Hard,C,0.9994148327618344,Determine which of the last 5 columns is most positively correalated with the first column named 'Hard' ,Chocolate,L,Caramel,H,98 84 80,"In the 'Caramel' column, give the row names of the candys with the highest 3 values in descending order ",Lemon Head-Junior Mints-Gob Stopper,30 9 11,Chocolate,G,,"In the 'Chocolate' column, calculate a rough estimate of the average value",37.86206896551724,G,Pluribus,J,32,"In the 'Pluribus' column, find the  with a value equal to '32' ",Pixie Sticks,19
5,DS10_candy_bar2.png,58,10,candy,bar,2,Retrieve Value,Caramel,J,38,"In the 'Caramel' column, count how many cells exceed the value of '38' ",8,J,SugarPercent,C,0.9994148327618344,Determine which of the last 5 columns is most positively correalated with the first column named 'SugarPercent' ,Rating,J,Price,K,75 73 71,"In the 'Price' column, give the row names of the candys with the highest 3 values in descending order ",Now Later-Milk Duds-Crunch Time,31 8 26,Nougat,D,,"In the 'Nougat' column, calculate a rough estimate of the average value",35.62068965517241,D,Price,K,68,"In the 'Price' column, find the  with a value equal to '68' ",Hersheys Kisses,17
5,DS11_candy_bar3.png,59,11,candy,bar,3,Retrieve Value,SugarPercent,G,50,"In the 'SugarPercent' column, count how many cells exceed the value of '50' ",7,G,Rating,C,0.9994148327618344,Determine which of the last 5 columns is most positively correalated with the first column named 'Rating' ,Chocolate,K,Rating,L,75 73 71,"In the 'Rating' column, give the row names of the candys with the highest 3 values in descending order ",Milk Duds-Air Heads-Caramel Apple,27 12 28,Fruity,F,,"In the 'Fruity' column, calculate a rough estimate of the average value",50.241379310344826,F,Rating,L,26,"In the 'Rating' column, find the  with a value equal to '26' ",Fruit Chews,11
5,DS12_candy_bar4.png,60,12,candy,bar,4,Retrieve Value,Bar,I,57,"In the 'Bar' column, count how many cells exceed the value of '57' ",6,I,Hard,C,0.992274757693407,Determine which of the last 5 columns is most positively correalated with the first column named 'Hard' ,Nougat,I,Almond,J,98 97 95,"In the 'Almond' column, give the row names of the candys with the highest 3 values in descending order ",Reese Pieces-Cheese Bears-Berry Chews,30 19 16,SugarPercent,G,,"In the 'SugarPercent' column, calculate a rough estimate of the average value",37.86206896551724,G,Rating,K,15,"In the 'Rating' column, find the  with a value equal to '15' ",Quarter World,15
5,DS13_movie_plain1.png,45,13,movie,plain,1,Retrieve Value,Hulu,H,70,"In the 'Hulu' column, count how many cells exceed the value of '70' ",5,H,Naver,C,0.9922747576934072,Determine which of the last 5 columns is most positively correalated with the first column named 'Naver' ,Roger Ebert,I,PluggedIn,I,71 70 68,"In the 'PluggedIn' column, give the row names of the movies with the highest 3 values in descending order ",About Elly-Black White-Divergent Series,21 16 17,Fandango,E,,"In the 'Fandango' column, calculate a rough estimate of the average value",52.310344827586206,E,RottenTomatoes,J,67,"In the 'RottenTomatoes' column, find the  with a value equal to '67' ",Welcome Home,20
5,DS14_movie_plain2.png,46,14,movie,plain,2,Retrieve Value,MrQE,I,76,"In the 'MrQE' column, count how many cells exceed the value of '76' ",8,I,MrQE,C,0.9994148327618346,Determine which of the last 5 columns is most positively correalated with the first column named 'MrQE' ,Netflix,L,Metacritic,K,75 73 71,"In the 'Metacritic' column, give the row names of the movies with the highest 3 values in descending order ",Irrational Man -Teenage Girl -Mapping Stars,5 21 20,Roger Ebert,G,,"In the 'Roger Ebert' column, calculate a rough estimate of the average value",37.86206896551724,G,MrQE,I,79,"In the 'MrQE' column, find the  with a value equal to '79' ",Tomorrow land,18
5,DS15_movie_plain3.png,47,15,movie,plain,3,Retrieve Value,Netflix,J,54,"In the 'Netflix' column, count how many cells exceed the value of '54' ",7,J,RottenTomatoes,C,0.9994148327618346,Determine which of the last 5 columns is most positively correalated with the first column named 'RottenTomatoes' ,Netflix,K,Fandango,H,98 84 80,"In the 'Fandango' column, give the row names of the movies with the highest 3 values in descending order ",Teenage Girl -Irrational Man -Next Door,10 9 20,RottenTomatoes,F,,"In the 'RottenTomatoes' column, calculate a rough estimate of the average value",50.241379310344826,F,Film Comment,L,73,"In the 'Film Comment' column, find the  with a value equal to '73' ",Adaline Age,19
5,DS16_movie_plain4.png,48,16,movie,plain,4,Retrieve Value,Hulu,G,57,"In the 'Hulu' column, count how many cells exceed the value of '57' ",6,G,IMDB,C,0.9922747576934068,Determine which of the last 5 columns is most positively correalated with the first column named 'IMDB' ,Fandango,J,Netflix,J,71 70 68,"In the 'Netflix' column, give the row names of the movies with the highest 3 values in descending order ",Welcome Home-About Elly-Irrational Man ,18 6 10,IMDB,E,,"In the 'IMDB' column, calculate a rough estimate of the average value",52.310344827586206,E,PluggedIn,K,31,"In the 'PluggedIn' column, find the  with a value equal to '31' ",Still Alice,17
