task id,Table PNG,Table Rendering,Dataset Number,Topic,Condition,Repetition,Task,Header,Column,Par 1,Prompt,Answer,Answer Column / Row
1,"DS1_anime_bar1.png",49,1,anime,bar,1,Filter,Completed,J,80,"In the 'COMPLETED' column, count how many cells exceed the value of '80' ",7,J
1,"DS2_anime_bar2.png",50,2,anime,bar,2,Filter,Members,I,70,"In the 'MEMBERS' column, count how many cells exceed the value of '70' ",6,I
1,"DS3_anime_bar3.png",51,3,anime,bar,3,Filter,Ranked,G,88,"In the 'RANKED' column, count how many cells exceed the value of '88' ",5,G
1,"DS4_anime_bar4.png",52,4,anime,bar,4,Filter,Score,K,43,"In the 'SCORE' column, count how many cells exceed the value of '43' ",8,K
1,"DS5_cereal_zebra1.png",21,5,cereal,zebra,1,Filter,Sodium,I,57,"In the 'SODIUM' column, count how many cells exceed the value of '57' ",8,I
1,"DS6_cereal_zebra2.png",22,6,cereal,zebra,2,Filter,Score,H,70,"In the 'SCORE' column, count how many cells exceed the value of '70' ",5,H
1,"DS7_cereal_zebra3.png",23,7,cereal,zebra,3,Filter,Carbo,J,45,"In the 'CARBO' column, count how many cells exceed the value of '45' ",6,J
1,"DS8_cereal_zebra4.png",24,8,cereal,zebra,4,Filter,Sodium,K,60,"In the 'SODIUM' column, count how many cells exceed the value of '60' ",7,K
1,"DS9_candy_plain1.png",41,9,candy,plain,1,Filter,Fruity,K,66,"In the 'FRUITY' column, count how many cells exceed the value of '66' ",5,K
1,"DS10_candy_plain2.png",42,10,candy,plain,2,Filter,Rating,J,38,"In the 'RATING' column, count how many cells exceed the value of '38' ",8,J
1,"DS11_candy_plain3.png",43,11,candy,plain,3,Filter,Pluribus,G,50,"In the 'PLURIBUS' column, count how many cells exceed the value of '50' ",7,G
1,"DS12_candy_plain4.png",44,12,candy,plain,4,Filter,Nougat,I,57,"In the 'NOUGAT' column, count how many cells exceed the value of '57' ",6,I
1,"DS13_movie_color1.png",13,13,movie,color,1,Filter,Metacritic,H,70,"In the 'METACRITIC' column, count how many cells exceed the value of '70' ",5,H
1,"DS14_movie_color2.png",14,14,movie,color,2,Filter,Netflix,I,76,"In the 'NETFLIX' column, count how many cells exceed the value of '76' ",8,I
1,"DS15_movie_color3.png",15,15,movie,color,3,Filter,Fandango,J,54,"In the 'FANDANGO' column, count how many cells exceed the value of '54' ",7,J
1,"DS16_movie_color4.png",16,16,movie,color,4,Filter,Naver,G,57,"In the 'NAVER' column, count how many cells exceed the value of '57' ",6,G
2,"DS1_anime_bar1.png",49,1,anime,bar,1,Correlation,Episodes,C,0.9584557641748676,Determine which of the last 5 columns is most positively correalated with the first column named 'EPISODES' ,Completed,I
2,"task2\T2_DS2_anime_bar2.png",50,2,anime,bar,2,Correlation,Plan to Watch,C,0.9790768125482828,Determine which of the last 5 columns is most positively correalated with the first column named 'PLAN TO WATCH' ,Favorites,L
2,"task2\T2_DS3_anime_bar3.png",51,3,anime,bar,3,Correlation,Completed,C,0.9922747576934068,Determine which of the last 5 columns is most positively correalated with the first column named 'COMPLETED' ,Episodes,K
2,"task2\T2_DS4_anime_bar4.png",52,4,anime,bar,4,Correlation,Score,C,0.9994148327618344,Determine which of the last 5 columns is most positively correalated with the first column named 'SCORE' ,Dropped,J
2,"task2\T2_DS5_cereal_zebra1.png",21,5,cereal,zebra,1,Correlation,Potassium,C,0.9994148327618346,Determine which of the last 5 columns is most positively correalated with the first column named 'POTASSIUM' ,Sugars,K
2,"task2\T2_DS6_cereal_zebra2.png",22,6,cereal,zebra,2,Correlation,Calories,C,0.9922747576934068,Determine which of the last 5 columns is most positively correalated with the first column named 'CALORIES' ,Protein,I
2,"task2\T2_DS7_cereal_zebra3.png",23,7,cereal,zebra,3,Correlation,Iron,C,0.9994148327618344,Determine which of the last 5 columns is most positively correalated with the first column named 'IRON' ,Carbo,J
2,"task2\T2_DS8_cereal_zebra4.png",24,8,cereal,zebra,4,Correlation,Vitamins,C,0.9994148327618344,Determine which of the last 5 columns is most positively correalated with the first column named 'VITAMINS' ,Potassium,L
2,"task2\T2_DS9_candy_plain1.png",41,9,candy,plain,1,Correlation,Hard,C,0.9994148327618344,Determine which of the last 5 columns is most positively correalated with the first column named 'HARD' ,Chocolate,L
2,"task2\T2_DS10_candy_plain2.png",42,10,candy,plain,2,Correlation,SugarPercent,C,0.9994148327618344,Determine which of the last 5 columns is most positively correalated with the first column named 'SUGARPERCENT' ,Rating,J
2,"task2\T2_DS11_candy_plain3.png",43,11,candy,plain,3,Correlation,Rating,C,0.9994148327618344,Determine which of the last 5 columns is most positively correalated with the first column named 'RATING' ,Chocolate,K
2,"task2\T2_DS12_candy_plain4.png",44,12,candy,plain,4,Correlation,Hard,C,0.992274757693407,Determine which of the last 5 columns is most positively correalated with the first column named 'HARD' ,Nougat,I
2,"task2\T2_DS13_movie_color1.png",13,13,movie,color,1,Correlation,Naver,C,0.9922747576934072,Determine which of the last 5 columns is most positively correalated with the first column named 'NAVER' ,Roger Ebert,I
2,"task2\T2_DS14_movie_color2.png",14,14,movie,color,2,Correlation,MrQE,C,0.9994148327618346,Determine which of the last 5 columns is most positively correalated with the first column named 'MRQE' ,Netflix,L
2,"task2\T2_DS15_movie_color3.png",15,15,movie,color,3,Correlation,RottenTomatoes,C,0.9994148327618346,Determine which of the last 5 columns is most positively correalated with the first column named 'ROTTENTOMATOES' ,Netflix,k
2,"task2\T2_DS16_movie_color4.png",16,16,movie,color,4,Correlation,IMDB,C,0.9922747576934068,Determine which of the last 5 columns is most positively correalated with the first column named 'IMDB' ,Fandango,J
3,"task2\T2_DS1_anime_bar1.png",49,1,anime,bar,1,Sort,Episodes,L,60 56 53,"In the 'EPISODES' column, give the row names of the animes with the highest 3 values in descending order ",Dragon Ball-Magical Warfare-Queen Kingdom,13 18 27
3,"DS2_anime_bar2.png",50,2,anime,bar,2,Sort,Members,I,88 86 83,"In the 'MEMBERS' column, give the row names of the animes with the highest 3 values in descending order ",Connect Angel-Beating Music-Hungry Heart,5 18 6
3,"DS3_anime_bar3.png",51,3,anime,bar,3,Sort,Favorites,J,75 73 71,"In the 'FAVORITES' column, give the row names of the animes with the highest 3 values in descending order ",King Ranking-Ultimate horror-Queen Kingdom,5 10 11
3,"DS4_anime_bar4.png",52,4,anime,bar,4,Sort,Score,K,74 73 70,"In the 'SCORE' column, give the row names of the animes with the highest 3 values in descending order ",Ultra Generation-Mobile Phone-Ultimate horror,6 24 22
3,"DS5_cereal_zebra1.png",21,5,cereal,zebra,1,Sort,Vitamins,H,88 86 83,"In the 'VITAMINS' column, give the row names of the cereals with the highest 3 values in descending order ",Cap Crunch-Corn Favorite-Raisin Bran,5 19 20
3,"DS6_cereal_zebra2.png",22,6,cereal,zebra,2,Sort,Protein,I,71 70 68,"In the 'PROTEIN' column, give the row names of the cereals with the highest 3 values in descending order ",Smile Maker-Natural Bran-Fruity Pebbles,22 3 7
3,"DS7_cereal_zebra3.png",23,7,cereal,zebra,3,Sort,Carbo,J,60 56 53,"In the 'CARBO' column, give the row names of the cereals with the highest 3 values in descending order ",Cinnamon Toast-Cap Crunch-Mini Wheats,7 23 18
3,"DS8_cereal_zebra4.png",24,8,cereal,zebra,4,Sort,Sodium,K,75 73 71,"In the 'SODIUM' column, give the row names of the cereals with the highest 3 values in descending order ",Wonderful Chex-Bran Chex-Raisin Bran,16 10 19
3,"DS9_candy_plain1.png",41,9,candy,plain,1,Sort,SugarPercent,H,98 84 80,"In the 'SUGARPERCENT' column, give the row names of the candys with the highest 3 values in descending order ",Gold Bears-Milk Duds-Berry Chews,30 9 11
3,"DS10_candy_plain2.png",42,10,candy,plain,2,Sort,Chocolate,K,75 73 71,"In the 'CHOCOLATE' column, give the row names of the candys with the highest 3 values in descending order ",Milk Duds-Fruit Chews-Now Later,31 8 26
3,"DS11_candy_plain3.png",43,11,candy,plain,3,Sort,Almond,L,75 73 71,"In the 'ALMOND' column, give the row names of the candys with the highest 3 values in descending order ",Pop Rocks-Pixie Sticks-Junior Mints,27 12 28
3,"DS12_candy_plain4.png",44,12,candy,plain,4,Sort,Pluribus,J,98 97 95,"In the 'PLURIBUS' column, give the row names of the candys with the highest 3 values in descending order ",Milk Duds-Boston Beans-Hersheys Kisses,30 19 16
3,"DS13_movie_color1.png",13,13,movie,color,1,Sort,Naver,I,71 70 68,"In the 'NAVER' column, give the row names of the movies with the highest 3 values in descending order ",Welcome Home-Saint Laurent-Red Army,21 16 17
3,"DS14_movie_color2.png",14,14,movie,color,2,Sort,Film Comment,K,75 73 71,"In the 'FILM COMMENT' column, give the row names of the movies with the highest 3 values in descending order ",About Elly-Love Mercy-Welcome Home,5 21 20
3,"DS15_movie_color3.png",15,15,movie,color,3,Sort,PluggedIn,H,98 84 80,"In the 'PLUGGEDIN' column, give the row names of the movies with the highest 3 values in descending order ",Tomorrow land-Black Sea-South Paw,10 9 20
3,"DS16_movie_color4.png",16,16,movie,color,4,Sort,Netflix,J,71 70 68,"In the 'NETFLIX' column, give the row names of the movies with the highest 3 values in descending order ",Welcome Home-Saint Laurent-Red Army,18 6 10
4,"DS1_anime_bar1.png",49,1,anime,bar,1,Estimate Average,Plan to Watch,D,,"In the 'PLAN TO WATCH' column, calculate a rough estimate of the average value",28.89655172413793,D
4,"DS2_anime_bar2.png",50,2,anime,bar,2,Estimate Average,Popularity,F,,"In the 'POPULARITY' column, calculate a rough estimate of the average value",62.37931034482759,F
4,"DS3_anime_bar3.png",51,3,anime,bar,3,Estimate Average,Watching,E,,"In the 'WATCHING' column, calculate a rough estimate of the average value",37.86206896551724,E
4,"DS4_anime_bar4.png",52,4,anime,bar,4,Estimate Average,Members,G,,"In the 'MEMBERS' column, calculate a rough estimate of the average value",47.6551724137931,G
4,"DS5_cereal_zebra1.png",21,5,cereal,zebra,1,Estimate Average,Fiber,F,,"In the 'FIBER' column, calculate a rough estimate of the average value",56.93103448275862,F
4,"DS6_cereal_zebra2.png",22,6,cereal,zebra,2,Estimate Average,Fiber,G,,"In the 'FIBER' column, calculate a rough estimate of the average value",52.310344827586206,G
4,"DS7_cereal_zebra3.png",23,7,cereal,zebra,3,Estimate Average,Sugars,D,,"In the 'SUGARS' column, calculate a rough estimate of the average value",35.62068965517241,D
4,"DS8_cereal_zebra4.png",24,8,cereal,zebra,4,Estimate Average,Score,E,,"In the 'SCORE' column, calculate a rough estimate of the average value",52.310344827586206,E
4,"DS9_candy_plain1.png",41,9,candy,plain,1,Estimate Average,Caramel,G,,"In the 'CARAMEL' column, calculate a rough estimate of the average value",37.86206896551724,G
4,"DS10_candy_plain2.png",42,10,candy,plain,2,Estimate Average,Almond,D,,"In the 'ALMOND' column, calculate a rough estimate of the average value",35.62068965517241,D
4,"DS11_candy_plain3.png",43,11,candy,plain,3,Estimate Average,Caramel,F,,"In the 'CARAMEL' column, calculate a rough estimate of the average value",50.241379310344826,F
4,"DS12_candy_plain4.png",44,12,candy,plain,4,Estimate Average,Fruity,G,,"In the 'FRUITY' column, calculate a rough estimate of the average value",37.86206896551724,G
4,"DS13_movie_color1.png",13,13,movie,color,1,Estimate Average,Fandango,E,,"In the 'FANDANGO' column, calculate a rough estimate of the average value",52.310344827586206,E
4,"DS14_movie_color2.png",14,14,movie,color,2,Estimate Average,MrQE,G,,"In the 'MRQE' column, calculate a rough estimate of the average value",37.86206896551724,G
4,"DS15_movie_color3.png",15,15,movie,color,3,Estimate Average,RottenTomatoes,F,,"In the 'ROTTENTOMATOES' column, calculate a rough estimate of the average value",50.241379310344826,F
4,"DS16_movie_color4.png",16,16,movie,color,4,Estimate Average,IMDB,E,,"In the 'IMDB' column, calculate a rough estimate of the average value",52.310344827586206,E
5,"DS1_anime_bar1.png",49,1,anime,bar,1,Retrieve Value,Ranked,G,15,"In the 'RANKED' column, find the  with a value equal to '15' ",Best Humanity,16
5,"DS2_anime_bar2.png",50,2,anime,bar,2,Retrieve Value,Watching,H,26,"In the 'WATCHING' column, find the  with a value equal to '26' ",Queen Kingdom,20
5,"DS3_anime_bar3.png",51,3,anime,bar,3,Retrieve Value,Plan to Watch,I,17,"In the 'PLAN TO WATCH' column, find the  with a value equal to '17' ",Great Teacher,16
5,"DS4_anime_bar4.png",52,4,anime,bar,4,Retrieve Value,Popularity,J,12,"In the 'POPULARITY' column, find the  with a value equal to '12' ",Helping Alice,18
5,"DS5_cereal_zebra1.png",21,5,cereal,zebra,1,Retrieve Value,Sugars,K,51,"In the 'SUGARS' column, find the  with a value equal to '51' ",Wonderful Chex,17
5,"DS6_cereal_zebra2.png",22,6,cereal,zebra,2,Retrieve Value,Score,H,32,"In the 'SCORE' column, find the  with a value equal to '32' ",Wheat Cream,19
5,"DS7_cereal_zebra3.png",23,7,cereal,zebra,3,Retrieve Value,Protein,I,83,"In the 'PROTEIN' column, find the  with a value equal to '83' ",Lucky Charms,17
5,"DS8_cereal_zebra4.png",24,8,cereal,zebra,4,Retrieve Value,Sodium,K,26,"In the 'SODIUM' column, find the  with a value equal to '26' ",Wheat Cream,20
5,"DS9_candy_plain1.png",41,9,candy,plain,1,Retrieve Value,Bar,J,32,"In the 'BAR' column, find the  with a value equal to '32' ",Fun Dips,19
5,"DS10_candy_plain2.png",42,10,candy,plain,2,Retrieve Value,Chocolate,K,68,"In the 'CHOCOLATE' column, find the  with a value equal to '68' ",Root Barrels,17
5,"DS11_candy_plain3.png",43,11,candy,plain,3,Retrieve Value,Almond,L,26,"In the 'ALMOND' column, find the  with a value equal to '26' ",Reese Pieces,11
5,"DS12_candy_plain4.png",44,12,candy,plain,4,Retrieve Value,Caramel,K,15,"In the 'CARAMEL' column, find the  with a value equal to '15' ",Fruit Chews,15
5,"DS13_movie_color1.png",13,13,movie,color,1,Retrieve Value,PluggedIn,J,67,"In the 'PLUGGEDIN' column, find the  with a value equal to '67' ",Running Night,20
5,"DS14_movie_color2.png",14,14,movie,color,2,Retrieve Value,Netflix,I,79,"In the 'NETFLIX' column, find the  with a value equal to '79' ",End Tour,18
5,"DS15_movie_color3.png",15,15,movie,color,3,Retrieve Value,Naver,L,73,"In the 'NAVER' column, find the  with a value equal to '73' ",Love Mercy,19
5,"DS16_movie_color4.png",16,16,movie,color,4,Retrieve Value,Hulu,K,31,"In the 'HULU' column, find the  with a value equal to '31' ",Ricki Flash,17
